dimension,eigenvalue
1,0.18278026737870223
2,0.13653651043642093
3,0.13273902575262647
4,0.12810862768632753
5,0.12383770120695635
