block,alpha,n_complete
"感知维度(52-63,65)",0.8243308207858362,813
重要度维度(66-75),0.9221044085201717,813
表现维度(76-85),0.9239821345246965,813
认知维度(86-89),0.8414291247494413,813
"综合量表(52-63,65,66-85,86-89)",0.9296181686231849,813
