n_complete,kmo,bartlett_chi2,bartlett_df,bartlett_p
813,0.9381692694231442,14747.691918398843,666,0.0
