{
  "source": "c:/Users/TSOU/Desktop/questionare/data/data_analysis/_source_analysis/tables/survey_clean.csv",
  "sample_n": 861,
  "coding": {
    "学习准备_二分": "C007重编码后 >1 为1(中/高), 否则0(低)",
    "年龄_二分": "C002<=3 为1, 否则0",
    "教育背景_二分": "C003<=3 为1, 否则0"
  },
  "p_values": {
    "学习准备-年龄": 0.041243752283694986,
    "学习准备-教育背景": 0.001973739154519349,
    "教育背景-年龄": 0.2777392037321528
  },
  "tables": {
    "学习准备-年龄": {
      "0": {
        "0": 30,
        "1": 203
      },
      "1": {
        "0": 120,
        "1": 508
      }
    },
    "学习准备-教育背景": {
      "0": {
        "0": 103,
        "1": 390
      },
      "1": {
        "0": 47,
        "1": 321
      }
    },
    "教育背景-年龄": {
      "0": {
        "0": 126,
        "1": 107
      },
      "1": {
        "0": 367,
        "1": 261
      }
    }
  }
}