item_no,importance_col,performance_col,item_text,importance_mean,performance_mean,gap_perf_minus_imp,quadrant
5,70,80,⑤特色美食、文创产品的种类及品质,3.742927429274293,3.5731857318573184,-0.16974169741697454,Q2_优先改进
2,67,77,②环境舒适度与卫生状况,3.7392373923739237,3.6728167281672817,-0.06642066420664205,Q2_优先改进
