sample,n,events,accuracy,auc,pseudo_r2
main,813,234,0.7121771217712177,0.5693171250166069,0.009951703811809653
sensitivity,57,16,0.6842105263157895,0.7240853658536586,0.1184074326237361
