var1,var2,n,chi2,dof,p_value
C008,C006,813,3.3361470107645186,3,0.34264325769507703
C008,C007,813,8.10904398056341,4,0.08766446024959591
C008,C090,813,3.891118744997555,4,0.4209418267015307
C008,C091,813,2.222921362387946,4,0.6948351142535848
C008,C024,813,1.33128958871553,3,0.7217168026222842
C008,C025,813,2.312400769485989,4,0.6785122175356864
