dimension,eigenvalue
1,0.30922938205490946
2,0.18084700323597752
3,0.13693168611417186
4,0.13181808233768327
5,0.12434748051451792
