block,alpha,n_complete
"感知维度(52-63,65)",0.8637804472823868,961
重要度维度(66-75),0.931531306404955,961
表现维度(76-85),0.9328260102964747,961
认知维度(86-89),0.8552361674074135,961
"综合量表(52-63,65,66-85,86-89)",0.9445279207483064,961
