sample,n,events,accuracy,auc,pseudo_r2
main,880,235,0.7329545454545454,0.5604981032492166,0.008158479615171133
sensitivity,106,17,0.839622641509434,0.8056840713813616,0.19496515684953297
