dimension,eigenvalue
1,0.24974571816321273
2,0.17896234597368676
3,0.13320115293615475
4,0.12567626934515871
5,0.12225470893987976
