block,alpha,n_complete
"感知维度(52-63,65)",0.8278422434850664,880
重要度维度(66-75),0.9216714385295917,880
表现维度(76-85),0.9241677820052019,880
认知维度(86-89),0.8388856820414223,880
"综合量表(52-63,65,66-85,86-89)",0.9297155430666308,880
