n_complete,kmo,bartlett_chi2,bartlett_df,bartlett_p
880,0.9395920230842303,15872.136013349109,666,0.0
