model_id,sample_scope,target_name,n,events,event_rate,oof_method,accuracy_oof,auc_oof,pr_auc_oof,brier_oof,log_loss_oof,pseudo_r2_mcfadden,llf,llnull,aic,bic
M1_Q20_visit_intent,模型1_Q20游览意愿,y_q20_high,861,563,0.6538908246225319,stratified_5fold_oof,0.6736353077816493,0.6430585191984455,0.754046772813036,0.21233736599336064,0.6154647301454019,0.08426281962459448,-508.5537994447585,-555.3490786911998,1061.107598889517,1165.785677986927
M2_Q21_recommend_direct,模型2_Q21推荐意愿_不含Q20,y_q21_high,861,534,0.6202090592334495,stratified_5fold_oof,0.6445993031358885,0.5639882486341614,0.6504190178410053,0.23556489573919057,0.6678227052261703,0.04842286523724604,-543.9890659329549,-571.6710144244707,1131.9781318659097,1236.6562109633198
M3_Q21_recommend_with_q20,模型3_Q21推荐意愿_含Q20链路,y_q21_high,861,534,0.6202090592334495,stratified_5fold_oof,0.7514518002322881,0.7364847839283464,0.7725547471265377,0.18562636001624655,0.5613718882306943,0.2019158113332854,-456.2415977312314,-571.6710144244707,958.4831954624628,1067.9193690643006
