dimension,eigenvalue
1,0.24974571816321228
2,0.17896234597368554
3,0.1332011529361544
4,0.12567626934515852
5,0.12225470893987987
