soft_segment,n,share_pct,mean_culture_affinity_score,mean_segment_certainty
高亲和C1_价格权益型,264,30.0,0.29815428536365973,0.7721062981891476
高亲和C2_文化深度型,264,30.0,0.9940909804040915,0.988181960808183
灰区_待探索,352,40.0,0.9783050770326749,0.9566101540653499
