cluster,cluster_name,n,share_pct,motive_count,new_project_pref_count,promo_pref_count,importance_mean,performance_mean,cognition_mean
1,价格优惠敏感型,90,10.227272727272727,3.7888888888888888,3.7222222222222223,2.7666666666666666,4.14888888888889,2.1544444444444446,3.691666666666667
2,轻度打卡观光型,91,10.340909090909092,3.769230769230769,3.7362637362637363,2.7032967032967035,2.1098901098901095,2.0978021978021983,2.6483516483516483
3,品质稳定复游型,74,8.409090909090908,3.7837837837837838,3.675675675675676,2.5945945945945947,2.1513513513513507,4.144594594594594,3.554054054054054
4,文化深度体验型,625,71.02272727272727,3.6688,3.704,2.6512,4.1448,4.111839999999999,3.8816
