mca_quadrant,n,share_pct
低认知_低意愿,185,21.022727272727273
低认知_高意愿,383,43.52272727272727
高认知_低意愿,115,13.068181818181818
高认知_高意愿,197,22.386363636363637
