mca_quadrant,n,share_pct
低认知_低意愿,360,41.81184668989547
低认知_高意愿,183,21.254355400696863
高认知_低意愿,212,24.62253193960511
高认知_高意愿,106,12.311265969802555
