dimension,eigenvalue
1,0.2282824855874687
2,0.17937430392958267
3,0.1333456467734299
4,0.12624787362184808
5,0.12361743391896782
