metric,amethyst,new961
n_samples,813,961
cleanliness,0.7675276752767528,0.764047866805411
reliability,0.8882929314406661,0.9055803704279073
validity,0.9381692694231442,0.953604880667371
main_auc,0.5693171250166069,0.588208649912332
main_pseudo_r2,0.009951703811809653,0.031242590607338028
direction_stability,0.375,0.375
cluster_best_silhouette,0.16475414192499857,0.13293847621866647
conversion_unknown_rate,0.0,0.0
