rank,label,Q_score,M_score,C_score,T_score
1,new961,86.801423,40.913072,94.932362,74.661106
2,amethyst,86.113280,37.663074,79.428665,70.241296
