sample,n,events,accuracy,auc,pseudo_r2
main,961,236,0.7554630593132154,0.588208649912332,0.031242590607338028
sensitivity,115,17,0.8608695652173913,0.8187274909963985,0.21020594583164565
