n_complete,kmo,bartlett_chi2,bartlett_df,bartlett_p
961,0.953604880667371,19803.061052595072,666,0.0
