{
  "generated_at": "2026-02-28T22:09:37",
  "input_dir": "data\\logit",
  "output_dir": "data\\figure",
  "outputs": {
    "fig1_cross_distribution": "data\\figure\\图6-3-1_游览意愿与推荐意愿交叉分布图.png",
    "fig2_forest_or": "data\\figure\\图6-3-2_三模型核心OR值对比图.png",
    "fig3_model_fit": "data\\figure\\图6-3-3_三模型拟合指标对比图.png",
    "fig4_gradient": "data\\figure\\图6-3-4_认知增益梯度效应折线图.png",
    "fig5_path": "data\\figure\\图6-3-5_链路结构示意图.png"
  },
  "source_files": {
    "cross": "data\\logit\\Logit改进5_Q20Q21交叉分析.csv",
    "or": "data\\logit\\Logit改进5_系数OR.csv",
    "model_metrics": "data\\logit\\Logit改进5_模型指标.csv",
    "gradient": "data\\logit\\Logit改进5_认知增益梯度.csv"
  },
  "fig1": {
    "p_high": 0.7904085257548845,
    "p_low": 0.2986577181208054,
    "diff_pp": 49.17508076340791,
    "or": 8.855932203389083
  },
  "fig2": {
    "M1 C088": {
      "or": 1.5979759678528516,
      "low": 1.3950105803014397,
      "high": 1.8304715604977568
    },
    "M2 C088": {
      "or": 1.5057293402708316,
      "low": 1.3225907284523497,
      "high": 1.7142270827843
    },
    "M3 Q20": {
      "or": 8.906013393291799,
      "low": 6.302589823093522,
      "high": 12.584838421638144
    },
    "M3 C088": {
      "or": 1.2937981696796776,
      "low": 1.1170256230733475,
      "high": 1.4985454848035915
    }
  },
  "fig3": {
    "M1": {
      "auc_oof": 0.6430585191984455,
      "pr_auc_oof": 0.754046772813036,
      "pseudo_r2_mcfadden": 0.0842628196245944,
      "brier_oof": 0.2123373659933606
    },
    "M2": {
      "auc_oof": 0.5639882486341614,
      "pr_auc_oof": 0.6504190178410053,
      "pseudo_r2_mcfadden": 0.048422865237246,
      "brier_oof": 0.2355648957391905
    },
    "M3": {
      "auc_oof": 0.7364847839283464,
      "pr_auc_oof": 0.7725547471265377,
      "pseudo_r2_mcfadden": 0.2019158113332854,
      "brier_oof": 0.1856263600162465
    }
  },
  "fig4": {
    "M1_q20_prob": [
      0.3719217851870759,
      0.7766817344258906
    ],
    "M3_q21_prob_q20_0": [
      0.1833124712767143,
      0.3802595954527414
    ],
    "M3_q21_prob_q20_1": [
      0.6536943420307727,
      0.838048719179045
    ]
  },
  "fig5": {
    "or_c088_to_q20": 1.5979759678528516,
    "or_q20_to_q21": 8.906013393291799,
    "or_c088_to_q21_direct": 1.2937981696796776
  }
}