{
  "features_file": "C:\\Users\\TSOU\\Desktop\\聚类数据捏造\\features_encoded.csv",
  "sample_size": 500,
  "continuous_columns": [
    "年龄_连续值(用于稳健标准化)",
    "教育程度_连续值",
    "月收入_连续值",
    "职业_连续值",
    "数字化导览_连续值",
    "中医药文化_连续值",
    "交通便利_连续值"
  ],
  "preprocess": "RobustScaler",
  "k_range": [
    1,
    7
  ],
  "n_init": 20,
  "random_state": 42,
  "sse_by_k": {
    "1": 1452.8000635163105,
    "2": 883.5996427038951,
    "3": 467.8485166870696,
    "4": 211.4262576286535,
    "5": 191.09023739318994,
    "6": 170.79217084874642,
    "7": 151.758351574948
  },
  "output_path": "new\\聚类\\图57_聚类质量检验_手肘图.png"
}