sample,n,events,accuracy,auc,pseudo_r2
main,861,234,0.7282229965156795,0.5541923962976595,0.004017346954365952
sensitivity,106,17,0.8207547169811321,0.7964309319233311,0.197423739986467
