term,coef,std_err,z,p_value,odds_ratio,marginal_effect
Intercept,-0.9911838150578585,0.07322745616117922,-13.535685479448954,9.62801191869416e-42,0.37113707320450134,
Q2_age_code,-0.07438518326900402,0.07787925886162812,-0.9551347092448299,0.33950957834485995,0.9283140539252996,-0.014684495441049288
Q6_habit_code,0.005996768221366174,0.07857349423025962,0.07632049815415673,0.9391641182357696,1.0060147848317242,0.0011838313994498803
Q7_knowledge_code,-0.07624848163601922,0.0792892540209164,-0.961649628030363,0.3362256332465178,0.9265859383619812,-0.015052332087721243
Q8_visit_status_code,-0.05233230043609763,0.08014593592164042,-0.6529626216763319,0.513780375997884,0.9490134568547783,-0.010331001328509422
perception_mean,0.07659158220031059,0.10678673002614422,0.7172387634826812,0.47322678477645796,1.079601058050189,0.015120064107066252
performance_mean,-0.0720096845930217,0.09657987713969159,-0.7455971857250144,0.4559107834691266,0.9305218840418235,-0.014215544529796826
cognition_mean,0.02110589021877297,0.09605524127359555,0.21972658585757704,0.8260840980947999,1.0213301947895423,0.004166546818551762
motive_count,0.06087016064979214,0.08438220376263825,0.7213625377812604,0.470686489237222,1.0627609170417642,0.01201647367494318
