dimension,eigenvalue
1,0.22828248558746927
2,0.17937430392958315
3,0.13334564677343042
4,0.12624787362184797
5,0.12361743391896766
