block,alpha,n_complete
"感知维度(52-63,65)",0.8253550006061942,861
重要度维度(66-75),0.9406824747214152,861
表现维度(76-85),0.941252029271607,861
认知维度(86-89),0.8704663991437371,861
"综合量表(52-63,65,66-85,86-89)",0.9507483281537679,861
