n_complete,kmo,bartlett_chi2,bartlett_df,bartlett_p
861,0.9604773840570898,18746.658309690618,666,0.0
